{
    "xsappname": "myhanaapp2",
    "tenant-mode": "dedicated",
    "description": "Security profile of called application",
    "scopes": [
        {
            "name": "uaa.user",
            "description": "UAA"
        }
    ],
    "role-templates": [
        {
            "name": "Token_Exchange",
            "description": "UAA",
            "scope-references": [
                "uaa.user"
            ]
        }
    ],
    "oauth2-configuration": {
        "credential-types": [
            "binding-secret",
            "x509"
        ],
        "redirect-uris": [
            "https://*.applicationstudio.cloud.sap/**",
            "http://localhost:5000/**"
        ]
    }
}